Titulo,Preço,Disponibilidade,Avaliação
A Light in the Attic,£51.77,icon-ok,star-rating Three
Tipping the Velvet,£53.74,icon-ok,star-rating One
Soumission,£50.10,icon-ok,star-rating One
Sharp Objects,£47.82,icon-ok,star-rating Four
Sapiens: A Brief History of Humankind,£54.23,icon-ok,star-rating Five
The Requiem Red,£22.65,icon-ok,star-rating One
The Dirty Little Secrets of Getting Your Dream Job,£33.34,icon-ok,star-rating Four
"The Coming Woman: A Novel Based on the Life of the Infamous Feminist, Victoria Woodhull",£17.93,icon-ok,star-rating Three
The Boys in the Boat: Nine Americans and Their Epic Quest for Gold at the 1936 Berlin Olympics,£22.60,icon-ok,star-rating Four
The Black Maria,£52.15,icon-ok,star-rating One
"Starving Hearts (Triangular Trade Trilogy, #1)",£13.99,icon-ok,star-rating Two
Shakespeare's Sonnets,£20.66,icon-ok,star-rating Four
Set Me Free,£17.46,icon-ok,star-rating Five
Scott Pilgrim's Precious Little Life (Scott Pilgrim #1),£52.29,icon-ok,star-rating Five
Rip it Up and Start Again,£35.02,icon-ok,star-rating Five
"Our Band Could Be Your Life: Scenes from the American Indie Underground, 1981-1991",£57.25,icon-ok,star-rating Three
Olio,£23.88,icon-ok,star-rating One
Mesaerion: The Best Science Fiction Stories 1800-1849,£37.59,icon-ok,star-rating One
Libertarianism for Beginners,£51.33,icon-ok,star-rating Two
It's Only the Himalayas,£45.17,icon-ok,star-rating Two
In Her Wake,£12.84,icon-ok,star-rating One
How Music Works,£37.32,icon-ok,star-rating Two
"Foolproof Preserving: A Guide to Small Batch Jams, Jellies, Pickles, Condiments, and More: A Foolproof Guide to Making Small Batch Jams, Jellies, Pickles, Condiments, and More",£30.52,icon-ok,star-rating Three
Chase Me (Paris Nights #2),£25.27,icon-ok,star-rating Five
Black Dust,£34.53,icon-ok,star-rating Five
Birdsong: A Story in Pictures,£54.64,icon-ok,star-rating Three
America's Cradle of Quarterbacks: Western Pennsylvania's Football Factory from Johnny Unitas to Joe Montana,£22.50,icon-ok,star-rating Three
Aladdin and His Wonderful Lamp,£53.13,icon-ok,star-rating Three
Worlds Elsewhere: Journeys Around Shakespeare’s Globe,£40.30,icon-ok,star-rating Five
Wall and Piece,£44.18,icon-ok,star-rating Four
The Four Agreements: A Practical Guide to Personal Freedom,£17.66,icon-ok,star-rating Five
The Five Love Languages: How to Express Heartfelt Commitment to Your Mate,£31.05,icon-ok,star-rating Three
The Elephant Tree,£23.82,icon-ok,star-rating Five
The Bear and the Piano,£36.89,icon-ok,star-rating One
Sophie's World,£15.94,icon-ok,star-rating Five
Penny Maybe,£33.29,icon-ok,star-rating Three
Maude (1883-1993):She Grew Up with the country,£18.02,icon-ok,star-rating Two
"In a Dark, Dark Wood",£19.63,icon-ok,star-rating One
Behind Closed Doors,£52.22,icon-ok,star-rating Four
You can't bury them all: Poems,£33.63,icon-ok,star-rating Two
Slow States of Collapse: Poems,£57.31,icon-ok,star-rating Three
Reasons to Stay Alive,£26.41,icon-ok,star-rating Two
Private Paris (Private #10),£47.61,icon-ok,star-rating Five
#HigherSelfie: Wake Up Your Life. Free Your Soul. Find Your Tribe.,£23.11,icon-ok,star-rating Five
Without Borders (Wanderlove #1),£45.07,icon-ok,star-rating Two
When We Collided,£31.77,icon-ok,star-rating One
"We Love You, Charlie Freeman",£50.27,icon-ok,star-rating Five
Untitled Collection: Sabbath Poems 2014,£14.27,icon-ok,star-rating Four
"Unseen City: The Majesty of Pigeons, the Discreet Charm of Snails & Other Wonders of the Urban Wilderness",£44.18,icon-ok,star-rating Four
Unicorn Tracks,£18.78,icon-ok,star-rating Three
"Unbound: How Eight Technologies Made Us Human, Transformed Society, and Brought Our World to the Brink",£25.52,icon-ok,star-rating One
Tsubasa: WoRLD CHRoNiCLE 2 (Tsubasa WoRLD CHRoNiCLE #2),£16.28,icon-ok,star-rating One
Throwing Rocks at the Google Bus: How Growth Became the Enemy of Prosperity,£31.12,icon-ok,star-rating Three
This One Summer,£19.49,icon-ok,star-rating Four
Thirst,£17.27,icon-ok,star-rating Five
The Torch Is Passed: A Harding Family Story,£19.09,icon-ok,star-rating One
The Secret of Dreadwillow Carse,£56.13,icon-ok,star-rating One
"The Pioneer Woman Cooks: Dinnertime: Comfort Classics, Freezer Food, 16-Minute Meals, and Other Delicious Ways to Solve Supper!",£56.41,icon-ok,star-rating One
The Past Never Ends,£56.50,icon-ok,star-rating Four
The Natural History of Us (The Fine Art of Pretending #2),£45.22,icon-ok,star-rating Three
The Nameless City (The Nameless City #1),£38.16,icon-ok,star-rating Four
The Murder That Never Was (Forensic Instincts #5),£54.11,icon-ok,star-rating Three
The Most Perfect Thing: Inside (and Outside) a Bird's Egg,£42.96,icon-ok,star-rating Four
"The Mindfulness and Acceptance Workbook for Anxiety: A Guide to Breaking Free from Anxiety, Phobias, and Worry Using Acceptance and Commitment Therapy",£23.89,icon-ok,star-rating Four
The Life-Changing Magic of Tidying Up: The Japanese Art of Decluttering and Organizing,£16.77,icon-ok,star-rating Three
"The Inefficiency Assassin: Time Management Tactics for Working Smarter, Not Longer",£20.59,icon-ok,star-rating Five
The Gutsy Girl: Escapades for Your Life of Epic Adventure,£37.13,icon-ok,star-rating One
The Electric Pencil: Drawings from Inside State Hospital No. 3,£56.06,icon-ok,star-rating One
The Death of Humanity: and the Case for Life,£58.11,icon-ok,star-rating Four
"The Bulletproof Diet: Lose up to a Pound a Day, Reclaim Energy and Focus, Upgrade Your Life",£49.05,icon-ok,star-rating Three
The Art Forger,£40.76,icon-ok,star-rating Three
The Age of Genius: The Seventeenth Century and the Birth of the Modern Mind,£19.73,icon-ok,star-rating One
The Activist's Tao Te Ching: Ancient Advice for a Modern Revolution,£32.24,icon-ok,star-rating Five
Spark Joy: An Illustrated Master Class on the Art of Organizing and Tidying Up,£41.83,icon-ok,star-rating Four
Soul Reader,£39.58,icon-ok,star-rating Two
Security,£39.25,icon-ok,star-rating Two
"Saga, Volume 6 (Saga (Collected Editions) #6)",£25.02,icon-ok,star-rating Three
"Saga, Volume 5 (Saga (Collected Editions) #5)",£51.04,icon-ok,star-rating Two
Reskilling America: Learning to Labor in the Twenty-First Century,£19.83,icon-ok,star-rating Two
"Rat Queens, Vol. 3: Demons (Rat Queens (Collected Editions) #11-15)",£50.40,icon-ok,star-rating Three
"Princess Jellyfish 2-in-1 Omnibus, Vol. 01 (Princess Jellyfish 2-in-1 Omnibus #1)",£13.61,icon-ok,star-rating Five
Princess Between Worlds (Wide-Awake Princess #5),£13.34,icon-ok,star-rating Five
"Pop Gun War, Volume 1: Gift",£18.97,icon-ok,star-rating One
"Political Suicide: Missteps, Peccadilloes, Bad Calls, Backroom Hijinx, Sordid Pasts, Rotten Breaks, and Just Plain Dumb Mistakes in the Annals of American Politics",£36.28,icon-ok,star-rating Two
Patience,£10.16,icon-ok,star-rating Three
"Outcast, Vol. 1: A Darkness Surrounds Him (Outcast #1)",£15.44,icon-ok,star-rating Four
orange: The Complete Collection 1 (orange: The Complete Collection #1),£48.41,icon-ok,star-rating One
Online Marketing for Busy Authors: A Step-By-Step Guide,£46.35,icon-ok,star-rating One
On a Midnight Clear,£14.07,icon-ok,star-rating Three
Obsidian (Lux #1),£14.86,icon-ok,star-rating Two
My Paris Kitchen: Recipes and Stories,£33.37,icon-ok,star-rating Two
Masks and Shadows,£56.40,icon-ok,star-rating Two
"Mama Tried: Traditional Italian Cooking for the Screwed, Crude, Vegan, and Tattooed",£14.02,icon-ok,star-rating Four
"Lumberjanes, Vol. 2: Friendship to the Max (Lumberjanes #5-8)",£46.91,icon-ok,star-rating Two
"Lumberjanes, Vol. 1: Beware the Kitten Holy (Lumberjanes #1-4)",£45.61,icon-ok,star-rating Three
Lumberjanes Vol. 3: A Terrible Plan (Lumberjanes #9-12),£19.92,icon-ok,star-rating Two
"Layered: Baking, Building, and Styling Spectacular Cakes",£40.11,icon-ok,star-rating One
Judo: Seven Steps to Black Belt (an Introductory Guide for Beginners),£53.90,icon-ok,star-rating Two
Join,£35.67,icon-ok,star-rating Five
In the Country We Love: My Family Divided,£22.00,icon-ok,star-rating Four
Immunity: How Elie Metchnikoff Changed the Course of Modern Medicine,£57.36,icon-ok,star-rating Five
"I Hate Fairyland, Vol. 1: Madly Ever After (I Hate Fairyland (Compilations) #1-5)",£29.17,icon-ok,star-rating Two
I am a Hero Omnibus Volume 1,£54.63,icon-ok,star-rating Three
How to Be Miserable: 40 Strategies You Already Use,£46.03,icon-ok,star-rating One
Her Backup Boyfriend (The Sorensen Family #1),£33.97,icon-ok,star-rating One
"Giant Days, Vol. 2 (Giant Days #5-8)",£22.11,icon-ok,star-rating Two
Forever and Forever: The Courtship of Henry Longfellow and Fanny Appleton,£29.69,icon-ok,star-rating Three
First and First (Five Boroughs #3),£15.97,icon-ok,star-rating Four
Fifty Shades Darker (Fifty Shades #2),£21.96,icon-ok,star-rating One
Everydata: The Misinformation Hidden in the Little Data You Consume Every Day,£54.35,icon-ok,star-rating Two
"Don't Be a Jerk: And Other Practical Advice from Dogen, Japan's Greatest Zen Master",£37.97,icon-ok,star-rating Two
Danganronpa Volume 1,£51.99,icon-ok,star-rating Four
Crown of Midnight (Throne of Glass #2),£43.29,icon-ok,star-rating Three
"Codename Baboushka, Volume 1: The Conclave of Death",£36.72,icon-ok,star-rating Four
Camp Midnight,£17.08,icon-ok,star-rating Four
Call the Nurse: True Stories of a Country Nurse on a Scottish Isle,£29.14,icon-ok,star-rating Five
Burning,£28.81,icon-ok,star-rating Three
Bossypants,£49.46,icon-ok,star-rating Two
"Bitch Planet, Vol. 1: Extraordinary Machine (Bitch Planet (Collected Editions))",£37.92,icon-ok,star-rating Two
"Avatar: The Last Airbender: Smoke and Shadow, Part 3 (Smoke and Shadow #3)",£28.09,icon-ok,star-rating Two
Algorithms to Live By: The Computer Science of Human Decisions,£30.81,icon-ok,star-rating One
A World of Flavor: Your Gluten Free Passport,£42.95,icon-ok,star-rating One
"A Piece of Sky, a Grain of Rice: A Memoir in Four Meditations",£56.76,icon-ok,star-rating Five
A Murder in Time,£16.64,icon-ok,star-rating One
A Flight of Arrows (The Pathfinders #2),£55.53,icon-ok,star-rating Five
A Fierce and Subtle Poison,£28.13,icon-ok,star-rating Four
A Court of Thorns and Roses (A Court of Thorns and Roses #1),£52.37,icon-ok,star-rating One
(Un)Qualified: How God Uses Broken People to Do Big Things,£54.00,icon-ok,star-rating Five
You Are What You Love: The Spiritual Power of Habit,£21.87,icon-ok,star-rating Four
"William Shakespeare's Star Wars: Verily, A New Hope (William Shakespeare's Star Wars #4)",£43.30,icon-ok,star-rating Four
Tuesday Nights in 1980,£21.04,icon-ok,star-rating Two
Tracing Numbers on a Train,£41.60,icon-ok,star-rating Three
Throne of Glass (Throne of Glass #1),£35.07,icon-ok,star-rating Three
Thomas Jefferson and the Tripoli Pirates: The Forgotten War That Changed American History,£59.64,icon-ok,star-rating One
Thirteen Reasons Why,£52.72,icon-ok,star-rating One
The White Cat and the Monk: A Retelling of the Poem “Pangur Bán”,£58.08,icon-ok,star-rating Four
The Wedding Dress,£24.12,icon-ok,star-rating One
The Vacationers,£42.15,icon-ok,star-rating Four
The Third Wave: An Entrepreneur’s Vision of the Future,£12.61,icon-ok,star-rating Five
The Stranger,£17.44,icon-ok,star-rating Four
The Shadow Hero (The Shadow Hero),£33.14,icon-ok,star-rating One
The Secret (The Secret #1),£27.37,icon-ok,star-rating Four
The Regional Office Is Under Attack!,£51.36,icon-ok,star-rating Five
The Psychopath Test: A Journey Through the Madness Industry,£36.00,icon-ok,star-rating Two
The Project,£10.65,icon-ok,star-rating One
The Power of Now: A Guide to Spiritual Enlightenment,£43.54,icon-ok,star-rating Two
The Omnivore's Dilemma: A Natural History of Four Meals,£38.21,icon-ok,star-rating Two
The Nerdy Nummies Cookbook: Sweet Treats for the Geek in All of Us,£37.34,icon-ok,star-rating Five
The Murder of Roger Ackroyd (Hercule Poirot #4),£44.10,icon-ok,star-rating Four
The Mistake (Off-Campus #2),£43.29,icon-ok,star-rating Three
The Matchmaker's Playbook (Wingmen Inc. #1),£55.85,icon-ok,star-rating One
The Love and Lemons Cookbook: An Apple-to-Zucchini Celebration of Impromptu Cooking,£37.60,icon-ok,star-rating Two
The Long Shadow of Small Ghosts: Murder and Memory in an American City,£10.97,icon-ok,star-rating One
The Kite Runner,£41.82,icon-ok,star-rating Four
The House by the Lake,£36.95,icon-ok,star-rating One
The Glittering Court (The Glittering Court #1),£44.28,icon-ok,star-rating One
The Girl on the Train,£55.02,icon-ok,star-rating Two
The Genius of Birds,£17.24,icon-ok,star-rating One
The Emerald Mystery,£23.15,icon-ok,star-rating Two
The Cookies & Cups Cookbook: 125+ sweet & savory recipes reminding you to Always Eat Dessert First,£41.25,icon-ok,star-rating One
The Bridge to Consciousness: I'm Writing the Bridge Between Science and Our Old and New Beliefs.,£32.00,icon-ok,star-rating Three
The Artist's Way: A Spiritual Path to Higher Creativity,£38.49,icon-ok,star-rating Five
The Art of War,£33.34,icon-ok,star-rating Five
The Argonauts,£10.93,icon-ok,star-rating Two
The 10% Entrepreneur: Live Your Startup Dream Without Quitting Your Day Job,£27.55,icon-ok,star-rating Three
Suddenly in Love (Lake Haven #1),£55.99,icon-ok,star-rating Two
Something More Than This,£16.24,icon-ok,star-rating Four
Soft Apocalypse,£26.12,icon-ok,star-rating Two
So You've Been Publicly Shamed,£12.23,icon-ok,star-rating Two
Shoe Dog: A Memoir by the Creator of NIKE,£23.99,icon-ok,star-rating Two
"Shobu Samurai, Project Aryoku (#3)",£29.06,icon-ok,star-rating Three
Secrets and Lace (Fatal Hearts #1),£20.27,icon-ok,star-rating One
Scarlett Epstein Hates It Here,£43.55,icon-ok,star-rating Five
Romero and Juliet: A Tragic Tale of Love and Zombies,£36.94,icon-ok,star-rating One
Redeeming Love,£20.47,icon-ok,star-rating Five
Poses for Artists Volume 1 - Dynamic and Sitting Poses: An Essential Reference for Figure Drawing and the Human Form,£41.06,icon-ok,star-rating One
Poems That Make Grown Women Cry,£14.19,icon-ok,star-rating Four
"Nightingale, Sing",£38.28,icon-ok,star-rating One
Night Sky with Exit Wounds,£41.05,icon-ok,star-rating One
Mrs. Houdini,£30.25,icon-ok,star-rating Five
Modern Romance,£28.26,icon-ok,star-rating Five
Miss Peregrine’s Home for Peculiar Children (Miss Peregrine’s Peculiar Children #1),£10.76,icon-ok,star-rating One
Louisa: The Extraordinary Life of Mrs. Adams,£16.85,icon-ok,star-rating Two
Little Red,£13.47,icon-ok,star-rating Three
Library of Souls (Miss Peregrine’s Peculiar Children #3),£48.56,icon-ok,star-rating Five
Large Print Heart of the Pride,£19.15,icon-ok,star-rating Two
I Had a Nice Time And Other Lies...: How to find love & sh*t like that,£57.36,icon-ok,star-rating Four
Hollow City (Miss Peregrine’s Peculiar Children #2),£42.98,icon-ok,star-rating One
Grumbles,£22.16,icon-ok,star-rating Two
Full Moon over Noah’s Ark: An Odyssey to Mount Ararat and Beyond,£49.43,icon-ok,star-rating Four
Frostbite (Vampire Academy #2),£29.99,icon-ok,star-rating Five
Follow You Home,£21.36,icon-ok,star-rating One
First Steps for New Christians (Print Edition),£29.00,icon-ok,star-rating One
Finders Keepers (Bill Hodges Trilogy #2),£53.53,icon-ok,star-rating Five
"Fables, Vol. 1: Legends in Exile (Fables #1)",£41.62,icon-ok,star-rating Four
Eureka Trivia 6.0,£54.59,icon-ok,star-rating Four
Drive: The Surprising Truth About What Motivates Us,£34.95,icon-ok,star-rating Four
Done Rubbed Out (Reightman & Bailey #1),£37.72,icon-ok,star-rating Five
Doing It Over (Most Likely To #1),£35.61,icon-ok,star-rating Three
"Deliciously Ella Every Day: Quick and Easy Recipes for Gluten-Free Snacks, Packed Lunches, and Simple Meals",£42.16,icon-ok,star-rating Three
Dark Notes,£19.19,icon-ok,star-rating Five
"Daring Greatly: How the Courage to Be Vulnerable Transforms the Way We Live, Love, Parent, and Lead",£19.43,icon-ok,star-rating Three
Close to You,£49.46,icon-ok,star-rating Four
Chasing Heaven: What Dying Taught Me About Living,£37.80,icon-ok,star-rating Two
Big Magic: Creative Living Beyond Fear,£30.80,icon-ok,star-rating Three
Becoming Wise: An Inquiry into the Mystery and Art of Living,£27.43,icon-ok,star-rating Two
Beauty Restored (Riley Family Legacy Novellas #3),£11.11,icon-ok,star-rating Two
Batman: The Long Halloween (Batman),£36.50,icon-ok,star-rating Two
Batman: The Dark Knight Returns (Batman),£15.38,icon-ok,star-rating Five
Ayumi's Violin,£15.48,icon-ok,star-rating Two
Anonymous,£46.82,icon-ok,star-rating Four
Amy Meets the Saints and Sages,£18.46,icon-ok,star-rating Three
Amid the Chaos,£36.58,icon-ok,star-rating One
Amatus,£50.54,icon-ok,star-rating Five
Agnostic: A Spirited Manifesto,£12.51,icon-ok,star-rating Five
Zealot: The Life and Times of Jesus of Nazareth,£24.70,icon-ok,star-rating Three
You (You #1),£43.61,icon-ok,star-rating Five
"Wonder Woman: Earth One, Volume One (Wonder Woman: Earth One #1)",£37.34,icon-ok,star-rating Four
Wild Swans,£14.36,icon-ok,star-rating Two
Why the Right Went Wrong: Conservatism--From Goldwater to the Tea Party and Beyond,£52.65,icon-ok,star-rating Four
Whole Lotta Creativity Going On: 60 Fun and Unusual Exercises to Awaken and Strengthen Your Creativity,£38.20,icon-ok,star-rating Four
What's It Like in Space?: Stories from Astronauts Who've Been There,£19.60,icon-ok,star-rating Two
"We Are Robin, Vol. 1: The Vigilante Business (We Are Robin #1)",£53.90,icon-ok,star-rating One
Walt Disney's Alice in Wonderland,£12.96,icon-ok,star-rating Five
V for Vendetta (V for Vendetta Complete),£37.10,icon-ok,star-rating Four
Until Friday Night (The Field Party #1),£46.31,icon-ok,star-rating Two
"Unbroken: A World War II Story of Survival, Resilience, and Redemption",£45.95,icon-ok,star-rating Two
Twenty Yawns,£22.08,icon-ok,star-rating Two
Through the Woods,£25.38,icon-ok,star-rating Two
This Is Where It Ends,£27.12,icon-ok,star-rating Two
The Year of Magical Thinking,£43.04,icon-ok,star-rating Two
The Wright Brothers,£56.80,icon-ok,star-rating Four
The White Queen (The Cousins' War #1),£25.91,icon-ok,star-rating Five
The Wedding Pact (The O'Malleys #2),£32.61,icon-ok,star-rating Three
The Time Keeper,£27.88,icon-ok,star-rating Five
The Testament of Mary,£52.67,icon-ok,star-rating Four
The Star-Touched Queen,£46.02,icon-ok,star-rating Five
The Songs of the Gods,£44.48,icon-ok,star-rating Five
The Song of Achilles,£37.40,icon-ok,star-rating Five
The Rosie Project (Don Tillman #1),£54.04,icon-ok,star-rating One
The Power of Habit: Why We Do What We Do in Life and Business,£16.88,icon-ok,star-rating Three
The Marriage of Opposites,£28.08,icon-ok,star-rating Four
The Lucifer Effect: Understanding How Good People Turn Evil,£10.40,icon-ok,star-rating One
The Long Haul (Diary of a Wimpy Kid #9),£44.07,icon-ok,star-rating One
The Loney,£23.40,icon-ok,star-rating One
The Literature Book (Big Ideas Simply Explained),£17.43,icon-ok,star-rating Three
The Last Mile (Amos Decker #2),£54.21,icon-ok,star-rating Two
The Immortal Life of Henrietta Lacks,£40.67,icon-ok,star-rating Two
The Hidden Oracle (The Trials of Apollo #1),£52.26,icon-ok,star-rating Two
The Help Yourself Cookbook for Kids: 60 Easy Plant-Based Recipes Kids Can Make to Stay Healthy and Save the Earth,£28.77,icon-ok,star-rating Three
The Guilty (Will Robie #4),£13.82,icon-ok,star-rating Two
The First Hostage (J.B. Collins #2),£25.85,icon-ok,star-rating Three
The Dovekeepers,£48.78,icon-ok,star-rating One
The Darkest Lie,£35.35,icon-ok,star-rating Five
The Bane Chronicles (The Bane Chronicles #1-11),£44.73,icon-ok,star-rating Four
The Bad-Ass Librarians of Timbuktu: And Their Race to Save the World’s Most Precious Manuscripts,£15.77,icon-ok,star-rating One
The 14th Colony (Cotton Malone #11),£39.24,icon-ok,star-rating One
That Darkness (Gardiner and Renner #1),£13.92,icon-ok,star-rating One
Tastes Like Fear (DI Marnie Rome #3),£10.69,icon-ok,star-rating One
Take Me with You,£45.21,icon-ok,star-rating Three
Swell: A Year of Waves,£45.58,icon-ok,star-rating One
Superman Vol. 1: Before Truth (Superman by Gene Luen Yang #1),£11.89,icon-ok,star-rating Five
Still Life with Bread Crumbs,£26.41,icon-ok,star-rating Three
Steve Jobs,£39.50,icon-ok,star-rating Five
Sorting the Beef from the Bull: The Science of Food Fraud Forensics,£44.74,icon-ok,star-rating Four
Someone Like You (The Harrisons #2),£52.79,icon-ok,star-rating Five
"So Cute It Hurts!!, Vol. 6 (So Cute It Hurts!! #6)",£35.43,icon-ok,star-rating Four
Shtum,£55.84,icon-ok,star-rating Four
See America: A Celebration of Our National Parks & Treasured Sites,£48.87,icon-ok,star-rating Three
salt.,£46.78,icon-ok,star-rating Four
Robin War,£47.82,icon-ok,star-rating Three
"Red Hood/Arsenal, Vol. 1: Open for Business (Red Hood/Arsenal #1)",£25.48,icon-ok,star-rating Two
Rain Fish,£23.57,icon-ok,star-rating Three
"Quarter Life Poetry: Poems for the Young, Broke and Hangry",£50.89,icon-ok,star-rating Five
Pet Sematary,£10.56,icon-ok,star-rating Three
"Overload: How to Unplug, Unwind, and Unleash Yourself from the Pressure of Stress",£52.15,icon-ok,star-rating Three
Once Was a Time,£18.28,icon-ok,star-rating Two
Old School (Diary of a Wimpy Kid #10),£11.83,icon-ok,star-rating Five
No Dream Is Too High: Life Lessons From a Man Who Walked on the Moon,£21.95,icon-ok,star-rating Two
"Naruto (3-in-1 Edition), Vol. 14: Includes Vols. 40, 41 & 42 (Naruto: Omnibus #14)",£38.39,icon-ok,star-rating Two
My Name Is Lucy Barton,£41.56,icon-ok,star-rating One
My Mrs. Brown,£24.48,icon-ok,star-rating Three
My Kind of Crazy,£40.36,icon-ok,star-rating One
Mr. Mercedes (Bill Hodges Trilogy #1),£28.90,icon-ok,star-rating One
More Than Music (Chasing the Dream #1),£37.61,icon-ok,star-rating Two
Made to Stick: Why Some Ideas Survive and Others Die,£38.85,icon-ok,star-rating Five
Luis Paints the World,£53.95,icon-ok,star-rating Three
Luckiest Girl Alive,£49.83,icon-ok,star-rating Three
Lowriders to the Center of the Earth (Lowriders in Space #2),£51.51,icon-ok,star-rating Two
Love Is a Mix Tape (Music #1),£18.03,icon-ok,star-rating One
Looking for Lovely: Collecting the Moments that Matter,£29.14,icon-ok,star-rating Five
"Living Leadership by Insight: A Good Leader Achieves, a Great Leader Builds Monuments",£46.91,icon-ok,star-rating Four
Let It Out: A Journey Through Journaling,£26.79,icon-ok,star-rating Five
Lady Midnight (The Dark Artifices #1),£16.28,icon-ok,star-rating Five
"It's All Easy: Healthy, Delicious Weeknight Meals in under 30 Minutes",£19.55,icon-ok,star-rating One
Island of Dragons (Unwanteds #7),£29.65,icon-ok,star-rating One
I Know What I'm Doing -- and Other Lies I Tell Myself: Dispatches from a Life Under Construction,£25.98,icon-ok,star-rating Four
I Am Pilgrim (Pilgrim #1),£10.60,icon-ok,star-rating Four
"Hyperbole and a Half: Unfortunate Situations, Flawed Coping Mechanisms, Mayhem, and Other Things That Happened",£14.75,icon-ok,star-rating Five
"Hush, Hush (Hush, Hush #1)",£47.02,icon-ok,star-rating Three
Hold Your Breath (Search and Rescue #1),£28.82,icon-ok,star-rating One
Hamilton: The Revolution,£58.79,icon-ok,star-rating Three
Greek Mythic History,£10.23,icon-ok,star-rating Five
God: The Most Unpleasant Character in All Fiction,£30.03,icon-ok,star-rating Five
Glory over Everything: Beyond The Kitchen House,£45.84,icon-ok,star-rating Three
Feathers: Displays of Brilliant Plumage,£49.05,icon-ok,star-rating Three
"Far & Away: Places on the Brink of Change: Seven Continents, Twenty-Five Years",£15.06,icon-ok,star-rating Four
Every Last Word,£46.47,icon-ok,star-rating Three
Eligible (The Austen Project #4),£27.09,icon-ok,star-rating Three
El Deafo,£57.62,icon-ok,star-rating Five
Eight Hundred Grapes,£14.39,icon-ok,star-rating Four
"Eaternity: More than 150 Deliciously Easy Vegan Recipes for a Long, Healthy, Satisfied, Joyful Life",£51.75,icon-ok,star-rating Five
"Eat Fat, Get Thin",£54.07,icon-ok,star-rating Two
Don't Get Caught,£55.35,icon-ok,star-rating One
Doctor Sleep (The Shining #2),£40.12,icon-ok,star-rating Two
Demigods & Magicians: Percy and Annabeth Meet the Kanes (Percy Jackson & Kane Chronicles Crossover #1-3),£37.51,icon-ok,star-rating Five
Dear Mr. Knightley,£11.21,icon-ok,star-rating Five
Daily Fantasy Sports,£36.58,icon-ok,star-rating One
Crazy Love: Overwhelmed by a Relentless God,£47.72,icon-ok,star-rating Two
Cometh the Hour (The Clifton Chronicles #6),£25.01,icon-ok,star-rating Three
Code Name Verity (Code Name Verity #1),£22.13,icon-ok,star-rating Four
Clockwork Angel (The Infernal Devices #1),£44.14,icon-ok,star-rating One
City of Glass (The Mortal Instruments #3),£56.02,icon-ok,star-rating Four
City of Fallen Angels (The Mortal Instruments #4),£11.23,icon-ok,star-rating Four
City of Bones (The Mortal Instruments #1),£43.28,icon-ok,star-rating One
City of Ashes (The Mortal Instruments #2),£47.27,icon-ok,star-rating One
Cell,£20.29,icon-ok,star-rating Four
Catching Jordan (Hundred Oaks),£50.83,icon-ok,star-rating Three
"Carry On, Warrior: Thoughts on Life Unarmed",£31.85,icon-ok,star-rating Three
Carrie,£46.23,icon-ok,star-rating Two
Buying In: The Secret Dialogue Between What We Buy and Who We Are,£37.80,icon-ok,star-rating Four
Brain on Fire: My Month of Madness,£49.32,icon-ok,star-rating Five
Batman: Europa,£32.01,icon-ok,star-rating Two
Barefoot Contessa Back to Basics,£28.01,icon-ok,star-rating One
Barefoot Contessa at Home: Everyday Recipes You'll Make Over and Over Again,£50.62,icon-ok,star-rating Five
Balloon Animals,£17.03,icon-ok,star-rating Three
Art Ops Vol. 1,£48.80,icon-ok,star-rating Three
Aristotle and Dante Discover the Secrets of the Universe (Aristotle and Dante Discover the Secrets of the Universe #1),£58.14,icon-ok,star-rating Four
Angels Walking (Angels Walking #1),£34.20,icon-ok,star-rating Two
Angels & Demons (Robert Langdon #1),£51.48,icon-ok,star-rating Three
All the Light We Cannot See,£29.87,icon-ok,star-rating Five
"Adulthood Is a Myth: A ""Sarah's Scribbles"" Collection",£10.90,icon-ok,star-rating Two
Abstract City,£56.37,icon-ok,star-rating Five
A Time of Torment (Charlie Parker #14),£48.35,icon-ok,star-rating Five
A Study in Scarlet (Sherlock Holmes #1),£16.73,icon-ok,star-rating Two
"A Series of Catastrophes and Miracles: A True Story of Love, Science, and Cancer",£56.48,icon-ok,star-rating Two
A People's History of the United States,£40.79,icon-ok,star-rating Two
A Man Called Ove,£39.72,icon-ok,star-rating One
A Distant Mirror: The Calamitous 14th Century,£14.58,icon-ok,star-rating Three
A Brush of Wings (Angels Walking #3),£55.51,icon-ok,star-rating One
1491: New Revelations of the Americas Before Columbus,£21.80,icon-ok,star-rating Three
"The Three Searches, Meaning, and the Story",£13.33,icon-ok,star-rating Three
Searching for Meaning in Gailana,£38.73,icon-ok,star-rating One
Rook,£37.86,icon-ok,star-rating Four
My Kitchen Year: 136 Recipes That Saved My Life,£11.53,icon-ok,star-rating Two
13 Hours: The Inside Account of What Really Happened In Benghazi,£27.06,icon-ok,star-rating One
Will You Won't You Want Me?,£13.86,icon-ok,star-rating Three
Tipping Point for Planet Earth: How Close Are We to the Edge?,£37.55,icon-ok,star-rating One
The Star-Touched Queen,£32.30,icon-ok,star-rating Five
The Silent Sister (Riley MacPherson #1),£46.29,icon-ok,star-rating Five
The Midnight Watch: A Novel of the Titanic and the Californian,£26.20,icon-ok,star-rating One
The Lonely City: Adventures in the Art of Being Alone,£33.26,icon-ok,star-rating Two
The Gray Rhino: How to Recognize and Act on the Obvious Dangers We Ignore,£59.15,icon-ok,star-rating Four
The Golden Condom: And Other Essays on Love Lost and Found,£39.43,icon-ok,star-rating One
The Epidemic (The Program 0.6),£14.44,icon-ok,star-rating Five
The Dinner Party,£56.54,icon-ok,star-rating Two
The Diary of a Young Girl,£59.90,icon-ok,star-rating Three
The Children,£11.88,icon-ok,star-rating Three
Stars Above (The Lunar Chronicles #4.5),£48.05,icon-ok,star-rating Two
Snatched: How A Drug Queen Went Undercover for the DEA and Was Kidnapped By Colombian Guerillas,£21.21,icon-ok,star-rating Three
Raspberry Pi Electronics Projects for the Evil Genius,£49.67,icon-ok,star-rating Four
Quench Your Own Thirst: Business Lessons Learned Over a Beer or Two,£43.14,icon-ok,star-rating One
Psycho: Sanitarium (Psycho #1.5),£36.97,icon-ok,star-rating Five
Poisonous (Max Revere Novels #3),£26.80,icon-ok,star-rating Three
One with You (Crossfire #5),£15.71,icon-ok,star-rating Four
No Love Allowed (Dodge Cove #1),£54.65,icon-ok,star-rating Four
Murder at the 42nd Street Library (Raymond Ambler #1),£54.36,icon-ok,star-rating Four
Most Wanted,£35.28,icon-ok,star-rating Three
"Love, Lies and Spies",£20.55,icon-ok,star-rating Two
How to Speak Golf: An Illustrated Guide to Links Lingo,£58.32,icon-ok,star-rating Five
Hide Away (Eve Duncan #20),£11.84,icon-ok,star-rating One
Furiously Happy: A Funny Book About Horrible Things,£41.46,icon-ok,star-rating Four
Everyday Italian: 125 Simple and Delicious Recipes,£20.10,icon-ok,star-rating Five
Equal Is Unfair: America's Misguided Fight Against Income Inequality,£56.86,icon-ok,star-rating One
Eleanor & Park,£56.51,icon-ok,star-rating Five
Dirty (Dive Bar #1),£40.83,icon-ok,star-rating Four
Can You Keep a Secret? (Fear Street Relaunch #4),£48.64,icon-ok,star-rating One
Boar Island (Anna Pigeon #19),£59.48,icon-ok,star-rating Three
A Paris Apartment,£39.01,icon-ok,star-rating Four
"A la Mode: 120 Recipes in 60 Pairings: Pies, Tarts, Cakes, Crisps, and More Topped with Ice Cream, Gelato, Frozen Custard, and More",£38.77,icon-ok,star-rating One
Troublemaker: Surviving Hollywood and Scientology,£48.39,icon-ok,star-rating Two
The Widow,£27.26,icon-ok,star-rating Two
"The Sleep Revolution: Transforming Your Life, One Night at a Time",£11.68,icon-ok,star-rating Four
The Improbability of Love,£59.45,icon-ok,star-rating One
The Art of Startup Fundraising,£21.00,icon-ok,star-rating Three
Take Me Home Tonight (Rock Star Romance #3),£53.98,icon-ok,star-rating Three
Sleeping Giants (Themis Files #1),£48.74,icon-ok,star-rating One
"Setting the World on Fire: The Brief, Astonishing Life of St. Catherine of Siena",£21.15,icon-ok,star-rating Two
Playing with Fire,£13.71,icon-ok,star-rating Three
Off the Hook (Fishing for Trouble #1),£47.67,icon-ok,star-rating Three
Mothering Sunday,£13.34,icon-ok,star-rating Two
"Mother, Can You Not?",£16.89,icon-ok,star-rating Five
M Train,£27.18,icon-ok,star-rating One
Lilac Girls,£17.28,icon-ok,star-rating Two
Lies and Other Acts of Love,£45.14,icon-ok,star-rating One
Lab Girl,£40.85,icon-ok,star-rating One
Keep Me Posted,£20.46,icon-ok,star-rating Four
It Didn't Start with You: How Inherited Family Trauma Shapes Who We Are and How to End the Cycle,£56.27,icon-ok,star-rating Three
Grey (Fifty Shades #4),£48.49,icon-ok,star-rating Four
"Exit, Pursued by a Bear",£51.34,icon-ok,star-rating Four
Daredevils,£16.34,icon-ok,star-rating Three
Cravings: Recipes for What You Want to Eat,£20.50,icon-ok,star-rating Three
Born for This: How to Find the Work You Were Meant to Do,£21.59,icon-ok,star-rating Five
Arena,£21.36,icon-ok,star-rating Four
Adultery,£20.88,icon-ok,star-rating Five
A Mother's Reckoning: Living in the Aftermath of Tragedy,£19.53,icon-ok,star-rating Three
A Gentleman's Position (Society of Gentlemen #3),£14.75,icon-ok,star-rating Five
11/22/63,£48.48,icon-ok,star-rating Three
"10% Happier: How I Tamed the Voice in My Head, Reduced Stress Without Losing My Edge, and Found Self-Help That Actually Works",£24.57,icon-ok,star-rating Two
10-Day Green Smoothie Cleanse: Lose Up to 15 Pounds in 10 Days!,£49.71,icon-ok,star-rating Five
Without Shame,£48.27,icon-ok,star-rating Five
Watchmen,£58.05,icon-ok,star-rating Four
Unlimited Intuition Now,£58.87,icon-ok,star-rating Four
Underlying Notes,£11.82,icon-ok,star-rating Two
The Shack,£28.03,icon-ok,star-rating One
The New Brand You: Your New Image Makes the Sale for You,£44.05,icon-ok,star-rating Five
"The Moosewood Cookbook: Recipes from Moosewood Restaurant, Ithaca, New York",£12.34,icon-ok,star-rating Four
The Flowers Lied,£16.68,icon-ok,star-rating Two
"The Fabric of the Cosmos: Space, Time, and the Texture of Reality",£55.91,icon-ok,star-rating One
The Book of Mormon,£24.57,icon-ok,star-rating Three
The Art and Science of Low Carbohydrate Living,£52.98,icon-ok,star-rating Five
The Alien Club,£54.40,icon-ok,star-rating One
Suzie Snowflake: One beautiful flake (a self-esteem story),£54.81,icon-ok,star-rating Five
Nap-a-Roo,£25.08,icon-ok,star-rating One
"NaNo What Now? Finding your editing process, revising your NaNoWriMo book and building a writing career through publishing and beyond",£10.41,icon-ok,star-rating Four
Modern Day Fables,£47.44,icon-ok,star-rating Two
If I Gave You God's Phone Number....: Searching for Spirituality in America,£20.91,icon-ok,star-rating One
"Fruits Basket, Vol. 9 (Fruits Basket #9)",£33.95,icon-ok,star-rating Four
Dress Your Family in Corduroy and Denim,£43.68,icon-ok,star-rating Three
Don't Forget Steven,£33.23,icon-ok,star-rating One
Chernobyl 01:23:40: The Incredible True Story of the World's Worst Nuclear Disaster,£35.92,icon-ok,star-rating Two
Art and Fear: Observations on the Perils (and Rewards) of Artmaking,£48.63,icon-ok,star-rating Four
A Shard of Ice (The Black Symphony Saga #1),£56.63,icon-ok,star-rating Three
A Hero's Curse (The Unseen Chronicles #1),£50.49,icon-ok,star-rating Three
23 Degrees South: A Tropical Tale of Changing Whether...,£35.79,icon-ok,star-rating Two
"Zero to One: Notes on Startups, or How to Build the Future",£34.06,icon-ok,star-rating Three
Why Not Me?,£17.76,icon-ok,star-rating One
When Breath Becomes Air,£39.36,icon-ok,star-rating Two
Vagabonding: An Uncommon Guide to the Art of Long-Term World Travel,£36.94,icon-ok,star-rating Two
The Unlikely Pilgrimage of Harold Fry (Harold Fry #1),£43.62,icon-ok,star-rating Five
The New Drawing on the Right Side of the Brain,£43.02,icon-ok,star-rating Three
"The Midnight Assassin: Panic, Scandal, and the Hunt for America's First Serial Killer",£28.45,icon-ok,star-rating Four
The Martian (The Martian #1),£41.39,icon-ok,star-rating Two
The High Mountains of Portugal,£51.15,icon-ok,star-rating One
The Grownup,£35.88,icon-ok,star-rating One
The E-Myth Revisited: Why Most Small Businesses Don't Work and What to Do About It,£36.91,icon-ok,star-rating One
South of Sunshine,£28.93,icon-ok,star-rating One
Smarter Faster Better: The Secrets of Being Productive in Life and Business,£38.89,icon-ok,star-rating Five
Silence in the Dark (Logan Point #4),£58.33,icon-ok,star-rating Three
Shadows of the Past (Logan Point #1),£39.67,icon-ok,star-rating Five
Roller Girl,£14.10,icon-ok,star-rating Five
Rising Strong,£21.82,icon-ok,star-rating Three
Proofs of God: Classical Arguments from Tertullian to Barth,£54.21,icon-ok,star-rating One
Please Kill Me: The Uncensored Oral History of Punk,£31.19,icon-ok,star-rating Four
Out of Print: City Lights Spotlight No. 14,£53.64,icon-ok,star-rating Five
My Life Next Door (My Life Next Door ),£36.39,icon-ok,star-rating Five
Miller's Valley,£58.54,icon-ok,star-rating Two
Man's Search for Meaning,£29.48,icon-ok,star-rating Three
"Love That Boy: What Two Presidents, Eight Road Trips, and My Son Taught Me About a Parent's Expectations",£25.06,icon-ok,star-rating Two
Living Forward: A Proven Plan to Stop Drifting and Get the Life You Want,£12.55,icon-ok,star-rating Three
Les Fleurs du Mal,£29.04,icon-ok,star-rating Five
Left Behind (Left Behind #1),£40.72,icon-ok,star-rating Two
Kill 'Em and Leave: Searching for James Brown and the American Soul,£45.05,icon-ok,star-rating Five
Kierkegaard: A Christian Missionary to Christians,£47.13,icon-ok,star-rating One
John Vassos: Industrial Design for Modern Life,£20.22,icon-ok,star-rating Four
I'll Give You the Sun,£56.48,icon-ok,star-rating One
I Will Find You,£44.21,icon-ok,star-rating One
Hystopia: A Novel,£21.96,icon-ok,star-rating Four
Howl and Other Poems,£40.45,icon-ok,star-rating Two
History of Beauty,£10.29,icon-ok,star-rating Four
Heaven is for Real: A Little Boy's Astounding Story of His Trip to Heaven and Back,£52.86,icon-ok,star-rating Two
Future Shock (Future Shock #1),£55.65,icon-ok,star-rating Five
Ender's Game (The Ender Quintet #1),£43.64,icon-ok,star-rating One
Diary of a Citizen Scientist: Chasing Tiger Beetles and Other New Ways of Engaging the World,£28.41,icon-ok,star-rating One
Death by Leisure: A Cautionary Tale,£37.51,icon-ok,star-rating Four
Brilliant Beacons: A History of the American Lighthouse,£11.45,icon-ok,star-rating Three
Brazen: The Courage to Find the You That's Been Hiding,£19.22,icon-ok,star-rating Two
Between the World and Me,£56.91,icon-ok,star-rating Four
Being Mortal: Medicine and What Matters in the End,£55.06,icon-ok,star-rating Four
"A Murder Over a Girl: Justice, Gender, Junior High",£13.20,icon-ok,star-rating Three
32 Yolks,£53.63,icon-ok,star-rating Two
"""Most Blessed of the Patriarchs"": Thomas Jefferson and the Empire of the Imagination",£44.48,icon-ok,star-rating Five
You Are a Badass: How to Stop Doubting Your Greatness and Start Living an Awesome Life,£12.08,icon-ok,star-rating Three
Wildlife of New York: A Five-Borough Coloring Book,£22.14,icon-ok,star-rating Two
What Happened on Beale Street (Secrets of the South Mysteries #2),£25.37,icon-ok,star-rating Five
Unreasonable Hope: Finding Faith in the God Who Brings Purpose to Your Pain,£46.33,icon-ok,star-rating Two
Under the Tuscan Sun,£37.33,icon-ok,star-rating Three
Toddlers Are A**holes: It's Not Your Fault,£25.55,icon-ok,star-rating One
The Year of Living Biblically: One Man's Humble Quest to Follow the Bible as Literally as Possible,£34.72,icon-ok,star-rating One
The Whale,£35.96,icon-ok,star-rating Four
The Story of Art,£41.14,icon-ok,star-rating Four
The Origin of Species,£10.01,icon-ok,star-rating Four
The Great Gatsby,£36.05,icon-ok,star-rating Four
The Good Girl,£49.03,icon-ok,star-rating Three
The Glass Castle,£16.24,icon-ok,star-rating One
The Faith of Christopher Hitchens: The Restless Soul of the World's Most Notorious Atheist,£39.55,icon-ok,star-rating One
The Drowning Girls,£35.67,icon-ok,star-rating Three
The Constant Princess (The Tudor Court #1),£16.62,icon-ok,star-rating Three
The Bourne Identity (Jason Bourne #1),£42.78,icon-ok,star-rating Four
The Bachelor Girl's Guide to Murder (Herringford and Watts Mysteries #1),£52.30,icon-ok,star-rating Five
The Art Book,£32.34,icon-ok,star-rating Two
The 7 Habits of Highly Effective People: Powerful Lessons in Personal Change,£33.17,icon-ok,star-rating Four
Team of Rivals: The Political Genius of Abraham Lincoln,£20.12,icon-ok,star-rating Five
Steal Like an Artist: 10 Things Nobody Told You About Being Creative,£20.90,icon-ok,star-rating Two
"Sit, Stay, Love",£20.90,icon-ok,star-rating Three
Sister Dear,£40.20,icon-ok,star-rating Four
"Shrunken Treasures: Literary Classics, Short, Sweet, and Silly",£52.87,icon-ok,star-rating Three
"Rich Dad, Poor Dad",£51.74,icon-ok,star-rating One
Raymie Nightingale,£34.41,icon-ok,star-rating Two
Playing from the Heart,£32.38,icon-ok,star-rating One
Nightstruck: A Novel,£50.35,icon-ok,star-rating Four
"Naturally Lean: 125 Nourishing Gluten-Free, Plant-Based Recipes--All Under 300 Calories",£11.38,icon-ok,star-rating Five
Meternity,£43.58,icon-ok,star-rating Three
Memoirs of a Geisha,£49.67,icon-ok,star-rating Three
Like Never Before (Walker Family #2),£28.77,icon-ok,star-rating Two
Life of Pi,£13.22,icon-ok,star-rating Four
Leave This Song Behind: Teen Poetry at Its Best,£51.17,icon-ok,star-rating Five
King's Folly (The Kinsman Chronicles #1),£39.61,icon-ok,star-rating Five
John Adams,£57.43,icon-ok,star-rating Four
How to Cook Everything Vegetarian: Simple Meatless Recipes for Great Food (How to Cook Everything),£46.01,icon-ok,star-rating Four
How to Be a Domestic Goddess: Baking and the Art of Comfort Cooking,£28.25,icon-ok,star-rating Two
Good in Bed (Cannie Shapiro #1),£37.05,icon-ok,star-rating Five
"Fruits Basket, Vol. 7 (Fruits Basket #7)",£19.57,icon-ok,star-rating One
For the Love: Fighting for Grace in a World of Impossible Standards,£45.13,icon-ok,star-rating Three
Finding God in the Ruins: How God Redeems Pain,£46.64,icon-ok,star-rating Two
Every Heart a Doorway (Every Heart A Doorway #1),£12.16,icon-ok,star-rating Five
Delivering the Truth (Quaker Midwife Mystery #1),£20.89,icon-ok,star-rating Four
Counted With the Stars (Out from Egypt #1),£17.97,icon-ok,star-rating Five
"Chronicles, Vol. 1",£52.60,icon-ok,star-rating Two
Blue Like Jazz: Nonreligious Thoughts on Christian Spirituality,£25.77,icon-ok,star-rating One
Benjamin Franklin: An American Life,£48.19,icon-ok,star-rating Three
"At The Existentialist Café: Freedom, Being, and apricot cocktails with: Jean-Paul Sartre, Simone de Beauvoir, Albert Camus, Martin Heidegger, Edmund Husserl, Karl Jaspers, Maurice Merleau-Ponty and others",£29.93,icon-ok,star-rating Five
A Summer In Europe,£44.34,icon-ok,star-rating Two
A Short History of Nearly Everything,£52.40,icon-ok,star-rating Five
A Gathering of Shadows (Shades of Magic #2),£44.81,icon-ok,star-rating Four
The Sound Of Love,£57.84,icon-ok,star-rating Five
The Rise and Fall of the Third Reich: A History of Nazi Germany,£39.67,icon-ok,star-rating Two
The Perks of Being a Wallflower,£55.02,icon-ok,star-rating Three
The Mysterious Affair at Styles (Hercule Poirot #1),£24.80,icon-ok,star-rating Four
The Man Who Mistook His Wife for a Hat and Other Clinical Tales,£59.45,icon-ok,star-rating Four
The Makings of a Fatherless Child,£31.58,icon-ok,star-rating Two
The Joy of Cooking,£43.27,icon-ok,star-rating Four
The Invention of Wings,£37.34,icon-ok,star-rating One
The Hobbit (Middle-Earth Universe),£17.80,icon-ok,star-rating Five
The Great Railway Bazaar,£30.54,icon-ok,star-rating One
The Golden Compass (His Dark Materials #1),£18.77,icon-ok,star-rating One
The God Delusion,£46.85,icon-ok,star-rating Three
The Girl You Left Behind (The Girl You Left Behind #1),£15.79,icon-ok,star-rating One
The Fellowship of the Ring (The Lord of the Rings #1),£10.27,icon-ok,star-rating Two
The Collected Poems of W.B. Yeats (The Collected Works of W.B. Yeats #1),£15.42,icon-ok,star-rating Five
The Barefoot Contessa Cookbook,£59.92,icon-ok,star-rating Five
Tell the Wolves I'm Home,£50.96,icon-ok,star-rating Two
Ship Leaves Harbor: Essays on Travel by a Recovering Journeyman,£30.60,icon-ok,star-rating Three
Pride and Prejudice,£19.27,icon-ok,star-rating Four
Musicophilia: Tales of Music and the Brain,£46.58,icon-ok,star-rating One
Mere Christianity,£48.51,icon-ok,star-rating Three
Me Before You (Me Before You #1),£19.02,icon-ok,star-rating One
In the Woods (Dublin Murder Squad #1),£38.38,icon-ok,star-rating Two
In Cold Blood,£49.98,icon-ok,star-rating Four
How to Stop Worrying and Start Living,£46.49,icon-ok,star-rating Five
Give It Back,£18.32,icon-ok,star-rating Two
"Girl, Interrupted",£42.14,icon-ok,star-rating Three
Fun Home: A Family Tragicomic,£56.59,icon-ok,star-rating Four
"Fruits Basket, Vol. 6 (Fruits Basket #6)",£20.96,icon-ok,star-rating Four
Deception Point,£40.32,icon-ok,star-rating Four
"Death Note, Vol. 6: Give-and-Take (Death Note #6)",£36.39,icon-ok,star-rating Three
Catherine the Great: Portrait of a Woman,£58.55,icon-ok,star-rating Four
Better Homes and Gardens New Cook Book,£39.61,icon-ok,star-rating Three
An Unquiet Mind: A Memoir of Moods and Madness,£21.30,icon-ok,star-rating Three
A Year in Provence (Provence #1),£56.88,icon-ok,star-rating Four
World Without End (The Pillars of the Earth #2),£32.97,icon-ok,star-rating Four
"Will Grayson, Will Grayson (Will Grayson, Will Grayson)",£47.31,icon-ok,star-rating Four
Why Save the Bankers?: And Other Essays on Our Economic and Political Crisis,£48.67,icon-ok,star-rating Two
Where She Went (If I Stay #2),£41.73,icon-ok,star-rating Four
What If?: Serious Scientific Answers to Absurd Hypothetical Questions,£53.68,icon-ok,star-rating Four
Two Summers,£14.64,icon-ok,star-rating One
This Is Your Brain on Music: The Science of a Human Obsession,£38.40,icon-ok,star-rating One
The Secret Garden,£15.08,icon-ok,star-rating Four
The Raven King (The Raven Cycle #4),£30.57,icon-ok,star-rating Two
The Raven Boys (The Raven Cycle #1),£57.74,icon-ok,star-rating Four
The Power Greens Cookbook: 140 Delicious Superfood Recipes,£11.05,icon-ok,star-rating Five
The Metamorphosis,£28.58,icon-ok,star-rating One
The Mathews Men: Seven Brothers and the War Against Hitler's U-boats,£42.91,icon-ok,star-rating Five
The Little Paris Bookshop,£24.73,icon-ok,star-rating Three
The Hiding Place,£55.91,icon-ok,star-rating Four
The Grand Design,£13.76,icon-ok,star-rating Three
The Firm,£45.56,icon-ok,star-rating Three
The Fault in Our Stars,£47.22,icon-ok,star-rating One
The False Prince (The Ascendance Trilogy #1),£56.00,icon-ok,star-rating Five
The Expatriates,£44.58,icon-ok,star-rating Two
The Dream Thieves (The Raven Cycle #2),£34.50,icon-ok,star-rating One
The Darkest Corners,£11.33,icon-ok,star-rating Five
The Crossover,£38.77,icon-ok,star-rating Four
The 5th Wave (The 5th Wave #1),£11.83,icon-ok,star-rating Two
Tell the Wind and Fire,£45.51,icon-ok,star-rating Three
Tell Me Three Things,£41.81,icon-ok,star-rating One
Talking to Girls About Duran Duran: One Young Man's Quest for True Love and a Cooler Haircut,£25.15,icon-ok,star-rating Four
Siddhartha,£34.22,icon-ok,star-rating Five
Shiver (The Wolves of Mercy Falls #1),£16.23,icon-ok,star-rating Five
Remember Me?,£11.48,icon-ok,star-rating Three
Red Dragon (Hannibal Lecter #1),£23.37,icon-ok,star-rating Three
Peak: Secrets from the New Science of Expertise,£16.28,icon-ok,star-rating Two
My Mother Was Nuts,£31.63,icon-ok,star-rating Four
Mexican Today: New and Rediscovered Recipes for Contemporary Kitchens,£24.91,icon-ok,star-rating Five
Maybe Something Beautiful: How Art Transformed a Neighborhood,£22.54,icon-ok,star-rating One
Lola and the Boy Next Door (Anna and the French Kiss #2),£23.63,icon-ok,star-rating Four
Logan Kade (Fallen Crest High #5.5),£13.12,icon-ok,star-rating Two
Last One Home (New Beginnings #1),£59.98,icon-ok,star-rating Three
Killing Floor (Jack Reacher #1),£31.49,icon-ok,star-rating Four
Kill the Boy Band,£15.52,icon-ok,star-rating Five
Isla and the Happily Ever After (Anna and the French Kiss #3),£48.13,icon-ok,star-rating Five
If I Stay (If I Stay #1),£38.13,icon-ok,star-rating Five
I Know Why the Caged Bird Sings (Maya Angelou's Autobiography #1),£36.55,icon-ok,star-rating Two
Harry Potter and the Deathly Hallows (Harry Potter #7),£23.32,icon-ok,star-rating One
"Fruits Basket, Vol. 5 (Fruits Basket #5)",£16.33,icon-ok,star-rating One
Foundation (Foundation (Publication Order) #1),£32.42,icon-ok,star-rating One
Fool Me Once,£16.96,icon-ok,star-rating One
Find Her (Detective D.D. Warren #8),£22.37,icon-ok,star-rating One
Evicted: Poverty and Profit in the American City,£42.27,icon-ok,star-rating One
Drama,£38.70,icon-ok,star-rating Two
Dracula the Un-Dead,£35.63,icon-ok,star-rating Five
Digital Fortress,£58.00,icon-ok,star-rating Five
"Death Note, Vol. 5: Whiteout (Death Note #5)",£52.41,icon-ok,star-rating One
"Data, A Love Story: How I Gamed Online Dating to Meet My Match",£32.35,icon-ok,star-rating Three
Critique of Pure Reason,£20.75,icon-ok,star-rating One
Booked,£17.49,icon-ok,star-rating Five
"Blue Lily, Lily Blue (The Raven Cycle #3)",£34.13,icon-ok,star-rating Five
Approval Junkie: Adventures in Caring Too Much,£58.81,icon-ok,star-rating Five
An Abundance of Katherines,£10.00,icon-ok,star-rating Five
America's War for the Greater Middle East: A Military History,£51.22,icon-ok,star-rating Two
Alight (The Generations Trilogy #2),£58.59,icon-ok,star-rating Four
A Girl's Guide to Moving On (New Beginnings #2),£31.30,icon-ok,star-rating One
A Game of Thrones (A Song of Ice and Fire #1),£46.42,icon-ok,star-rating Two
A Feast for Crows (A Song of Ice and Fire #4),£17.21,icon-ok,star-rating Four
A Clash of Kings (A Song of Ice and Fire #2),£10.79,icon-ok,star-rating Three
Vogue Colors A to Z: A Fashion Coloring Book,£52.35,icon-ok,star-rating Four
The Shining (The Shining #1),£27.88,icon-ok,star-rating Three
The Pilgrim's Progress,£50.26,icon-ok,star-rating Two
The Perfect Play (Play by Play #1),£59.99,icon-ok,star-rating Three
The Passion of Dolssa,£28.32,icon-ok,star-rating Five
The Jazz of Physics: The Secret Link Between Music and the Structure of the Universe,£38.71,icon-ok,star-rating Three
The Hunger Games (The Hunger Games #1),£29.85,icon-ok,star-rating Five
The Hound of the Baskervilles (Sherlock Holmes #5),£14.82,icon-ok,star-rating Two
The Gunning of America: Business and the Making of American Gun Culture,£16.81,icon-ok,star-rating Four
The Geography of Bliss: One Grump's Search for the Happiest Places in the World,£28.23,icon-ok,star-rating Two
The Demonists (Demonist #1),£52.11,icon-ok,star-rating Two
"The Demon Prince of Momochi House, Vol. 4 (The Demon Prince of Momochi House #4)",£27.88,icon-ok,star-rating Two
The Bone Hunters (Lexy Vaughan & Steven Macaulay #2),£59.71,icon-ok,star-rating Three
The Beast (Black Dagger Brotherhood #14),£46.08,icon-ok,star-rating Five
Some Women,£13.73,icon-ok,star-rating Five
Shopaholic Ties the Knot (Shopaholic #3),£48.39,icon-ok,star-rating Five
Paper and Fire (The Great Library #2),£49.45,icon-ok,star-rating Five
Outlander (Outlander #1),£19.67,icon-ok,star-rating Five
"Orchestra of Exiles: The Story of Bronislaw Huberman, the Israel Philharmonic, and the One Thousand Jews He Saved from Nazi Horrors",£12.36,icon-ok,star-rating Three
No One Here Gets Out Alive,£20.02,icon-ok,star-rating Five
Night Shift (Night Shift #1-20),£12.75,icon-ok,star-rating Four
Needful Things,£47.51,icon-ok,star-rating Four
Mockingjay (The Hunger Games #3),£20.44,icon-ok,star-rating Four
Misery,£34.79,icon-ok,star-rating Two
Little Women (Little Women #1),£28.07,icon-ok,star-rating Four
It,£25.01,icon-ok,star-rating Three
Harry Potter and the Sorcerer's Stone (Harry Potter #1),£13.90,icon-ok,star-rating Three
Harry Potter and the Prisoner of Azkaban (Harry Potter #3),£24.17,icon-ok,star-rating Four
Harry Potter and the Order of the Phoenix (Harry Potter #5),£31.63,icon-ok,star-rating Four
Harry Potter and the Half-Blood Prince (Harry Potter #6),£48.75,icon-ok,star-rating Five
Harry Potter and the Chamber of Secrets (Harry Potter #2),£14.74,icon-ok,star-rating One
Gone with the Wind,£32.49,icon-ok,star-rating Three
God Is Not Great: How Religion Poisons Everything,£27.80,icon-ok,star-rating One
Girl With a Pearl Earring,£26.77,icon-ok,star-rating One
"Fruits Basket, Vol. 4 (Fruits Basket #4)",£50.44,icon-ok,star-rating Four
Far From True (Promise Falls Trilogy #2),£34.93,icon-ok,star-rating Two
Dark Lover (Black Dagger Brotherhood #1),£12.87,icon-ok,star-rating One
Confessions of a Shopaholic (Shopaholic #1),£48.94,icon-ok,star-rating Two
Changing the Game (Play by Play #2),£13.38,icon-ok,star-rating Three
Candide,£58.63,icon-ok,star-rating Three
Can You Keep a Secret?,£21.94,icon-ok,star-rating One
Atlas Shrugged,£26.58,icon-ok,star-rating Five
Animal Farm,£57.22,icon-ok,star-rating Three
A Walk to Remember,£56.43,icon-ok,star-rating One
A New Earth: Awakening to Your Life's Purpose,£55.65,icon-ok,star-rating Five
"A History of God: The 4,000-Year Quest of Judaism, Christianity, and Islam",£27.62,icon-ok,star-rating One
'Salem's Lot,£49.56,icon-ok,star-rating Four
Zero History (Blue Ant #3),£34.77,icon-ok,star-rating One
Wuthering Heights,£17.73,icon-ok,star-rating Three
World War Z: An Oral History of the Zombie War,£21.80,icon-ok,star-rating One
Wild: From Lost to Found on the Pacific Crest Trail,£46.02,icon-ok,star-rating Three
"Where'd You Go, Bernadette",£18.13,icon-ok,star-rating One
When You Are Engulfed in Flames,£30.89,icon-ok,star-rating Five
We the People: The Modern-Day Figures Who Have Reshaped and Affirmed the Founding Fathers' Vision of America,£31.95,icon-ok,star-rating Three
We Are All Completely Beside Ourselves,£24.04,icon-ok,star-rating One
Walk the Edge (Thunder Road #2),£32.36,icon-ok,star-rating Three
Voyager (Outlander #3),£21.07,icon-ok,star-rating Five
Very Good Lives: The Fringe Benefits of Failure and the Importance of Imagination,£50.66,icon-ok,star-rating Three
Vegan Vegetarian Omnivore: Dinner for Everyone at the Table,£13.66,icon-ok,star-rating Two
"Unstuffed: Decluttering Your Home, Mind, and Soul",£58.09,icon-ok,star-rating One
Under the Banner of Heaven: A Story of Violent Faith,£30.00,icon-ok,star-rating One
Two Boys Kissing,£32.74,icon-ok,star-rating Two
Twilight (Twilight #1),£41.93,icon-ok,star-rating Two
Twenties Girl,£42.80,icon-ok,star-rating Two
"Trespassing Across America: One Man's Epic, Never-Done-Before (and Sort of Illegal) Hike Across the Heartland",£53.51,icon-ok,star-rating One
Three-Martini Lunch,£23.21,icon-ok,star-rating Three
"Thinking, Fast and Slow",£21.14,icon-ok,star-rating One
The Wild Robot,£56.07,icon-ok,star-rating Three
"The Wicked + The Divine, Vol. 3: Commercial Suicide (The Wicked + The Divine)",£14.41,icon-ok,star-rating Three
The Undomestic Goddess,£45.75,icon-ok,star-rating Four
The Travelers,£15.77,icon-ok,star-rating One
The Tipping Point: How Little Things Can Make a Big Difference,£10.02,icon-ok,star-rating Two
The Thing About Jellyfish,£48.77,icon-ok,star-rating One
The Stand,£57.86,icon-ok,star-rating Two
The Smitten Kitchen Cookbook,£23.59,icon-ok,star-rating One
The Silkworm (Cormoran Strike #2),£23.05,icon-ok,star-rating Five
"The Sandman, Vol. 3: Dream Country (The Sandman (volumes) #3)",£55.55,icon-ok,star-rating Five
The Rose & the Dagger (The Wrath and the Dawn #2),£58.64,icon-ok,star-rating Four
The Road to Little Dribbling: Adventures of an American in Britain (Notes From a Small Island #2),£23.21,icon-ok,star-rating One
The Rise of Theodore Roosevelt (Theodore Roosevelt #1),£42.57,icon-ok,star-rating Three
The Restaurant at the End of the Universe (Hitchhiker's Guide to the Galaxy #2),£10.92,icon-ok,star-rating One
The Rest Is Noise: Listening to the Twentieth Century,£34.77,icon-ok,star-rating One
The Red Tent,£35.66,icon-ok,star-rating Five
The Purpose Driven Life: What on Earth Am I Here for?,£37.19,icon-ok,star-rating Three
The Purest Hook (Second Circle Tattoos #3),£12.25,icon-ok,star-rating One
The Picture of Dorian Gray,£29.70,icon-ok,star-rating Two
The Paris Wife,£36.80,icon-ok,star-rating Three
The Obsession,£45.43,icon-ok,star-rating One
The Nightingale,£26.26,icon-ok,star-rating Four
The New Guy (and Other Senior Year Distractions),£44.92,icon-ok,star-rating Three
The Nanny Diaries (Nanny #1),£52.53,icon-ok,star-rating Five
The Name of God is Mercy,£37.25,icon-ok,star-rating Two
The Maze Runner (The Maze Runner #1),£20.93,icon-ok,star-rating One
The Lover's Dictionary,£58.09,icon-ok,star-rating Two
The Lonely Ones,£43.59,icon-ok,star-rating Five
The Lean Startup: How Today's Entrepreneurs Use Continuous Innovation to Create Radically Successful Businesses,£33.92,icon-ok,star-rating Three
The Last Painting of Sara de Vos,£55.55,icon-ok,star-rating Two
"The Land of 10,000 Madonnas",£29.64,icon-ok,star-rating Four
The Infinities,£27.41,icon-ok,star-rating One
The Husband's Secret,£52.51,icon-ok,star-rating Five
The Hitchhiker's Guide to the Galaxy (Hitchhiker's Guide to the Galaxy #1),£47.80,icon-ok,star-rating Three
The Guns of August,£14.54,icon-ok,star-rating Two
The Guernsey Literary and Potato Peel Pie Society,£49.53,icon-ok,star-rating One
The Goldfinch,£43.58,icon-ok,star-rating Three
The Giver (The Giver Quartet #1),£12.30,icon-ok,star-rating One
The Girl with All the Gifts,£49.47,icon-ok,star-rating Three
The Girl Who Played with Fire (Millennium Trilogy #2),£22.14,icon-ok,star-rating Two
The Girl Who Kicked the Hornet's Nest (Millennium Trilogy #3),£57.48,icon-ok,star-rating One
The Exiled,£43.45,icon-ok,star-rating Three
"The End of Faith: Religion, Terror, and the Future of Reason",£22.13,icon-ok,star-rating Four
"The Elegant Universe: Superstrings, Hidden Dimensions, and the Quest for the Ultimate Theory",£13.03,icon-ok,star-rating Four
"The Disappearing Spoon: And Other True Tales of Madness, Love, and the History of the World from the Periodic Table of the Elements",£57.35,icon-ok,star-rating Five
The Devil Wears Prada (The Devil Wears Prada #1),£44.29,icon-ok,star-rating One
The Demon-Haunted World: Science as a Candle in the Dark,£52.25,icon-ok,star-rating Four
The Day the Crayons Came Home (Crayons),£26.33,icon-ok,star-rating Five
The Da Vinci Code (Robert Langdon #2),£22.96,icon-ok,star-rating Two
The Cuckoo's Calling (Cormoran Strike #1),£19.21,icon-ok,star-rating One
The Complete Stories and Poems (The Works of Edgar Allan Poe [Cameo Edition]),£26.78,icon-ok,star-rating Four
The Complete Poems,£41.32,icon-ok,star-rating Five
The Catcher in the Rye,£24.55,icon-ok,star-rating One
The Cat in the Hat (Beginner Books B-1),£16.26,icon-ok,star-rating Two
The Case for Christ (Cases for Christianity),£47.84,icon-ok,star-rating One
The Book Thief,£53.49,icon-ok,star-rating Two
The Book of Basketball: The NBA According to The Sports Guy,£44.84,icon-ok,star-rating Five
The Blind Side: Evolution of a Game,£53.71,icon-ok,star-rating Five
The Autobiography of Malcolm X,£23.43,icon-ok,star-rating Two
"The Art of Simple Food: Notes, Lessons, and Recipes from a Delicious Revolution",£34.32,icon-ok,star-rating Three
The Art of Fielding,£22.10,icon-ok,star-rating One
"Surely You're Joking, Mr. Feynman!: Adventures of a Curious Character",£25.83,icon-ok,star-rating Two
Stiff: The Curious Lives of Human Cadavers,£36.74,icon-ok,star-rating Three
Spilled Milk: Based on a True Story,£49.51,icon-ok,star-rating One
Something Borrowed (Darcy & Rachel #1),£48.96,icon-ok,star-rating Five
Something Blue (Darcy & Rachel #2),£54.62,icon-ok,star-rating One
Soldier (Talon #3),£24.72,icon-ok,star-rating Two
Shopaholic & Baby (Shopaholic #5),£46.45,icon-ok,star-rating Two
Seven Days in the Art World,£52.33,icon-ok,star-rating Two
Seven Brief Lessons on Physics,£30.60,icon-ok,star-rating Four
Scarlet (The Lunar Chronicles #2),£14.57,icon-ok,star-rating Four
Sarah's Key,£46.29,icon-ok,star-rating One
"Saga, Volume 3 (Saga (Collected Editions) #3)",£21.57,icon-ok,star-rating Five
Running with Scissors,£12.91,icon-ok,star-rating Four
Rogue Lawyer (Rogue Lawyer #1),£50.11,icon-ok,star-rating Three
"Rise of the Rocket Girls: The Women Who Propelled Us, from Missiles to the Moon to Mars",£41.67,icon-ok,star-rating Four
Rework,£44.88,icon-ok,star-rating Two
Reservations for Two,£11.10,icon-ok,star-rating Three
Red: The True Story of Red Riding Hood,£28.54,icon-ok,star-rating Three
Ready Player One,£19.07,icon-ok,star-rating Four
Quiet: The Power of Introverts in a World That Can't Stop Talking,£43.55,icon-ok,star-rating One
Prodigy: The Graphic Novel (Legend: The Graphic Novel #2),£43.63,icon-ok,star-rating Three
Persepolis: The Story of a Childhood (Persepolis #1-2),£39.13,icon-ok,star-rating One
Packing for Mars: The Curious Science of Life in the Void,£56.68,icon-ok,star-rating Two
Outliers: The Story of Success,£14.16,icon-ok,star-rating One
Original Fake,£31.45,icon-ok,star-rating Three
Orange Is the New Black,£24.61,icon-ok,star-rating Two
One for the Money (Stephanie Plum #1),£32.87,icon-ok,star-rating Two
Notes from a Small Island (Notes From a Small Island #1),£40.17,icon-ok,star-rating One
Night (The Night Trilogy #1),£13.51,icon-ok,star-rating One
Neither Here nor There: Travels in Europe,£38.95,icon-ok,star-rating Three
Naked,£31.69,icon-ok,star-rating Three
Morning Star (Red Rising #3),£29.40,icon-ok,star-rating One
"Miracles from Heaven: A Little Girl, Her Journey to Heaven, and Her Amazing Story of Healing",£57.83,icon-ok,star-rating One
Midnight Riot (Peter Grant/ Rivers of London - books #1),£55.46,icon-ok,star-rating Two
Me Talk Pretty One Day,£57.60,icon-ok,star-rating Two
Manuscript Found in Accra,£34.98,icon-ok,star-rating Two
Lust & Wonder,£11.87,icon-ok,star-rating Two
Lila (Gilead #3),£12.47,icon-ok,star-rating Three
"Life, the Universe and Everything (Hitchhiker's Guide to the Galaxy #3)",£33.26,icon-ok,star-rating Two
Life Without a Recipe,£59.04,icon-ok,star-rating Five
Life After Life,£26.13,icon-ok,star-rating Two
Letter to a Christian Nation,£22.20,icon-ok,star-rating One
Let's Pretend This Never Happened: A Mostly True Memoir,£45.11,icon-ok,star-rating One
Legend (Legend #1),£43.69,icon-ok,star-rating Four
"Lean In: Women, Work, and the Will to Lead",£25.02,icon-ok,star-rating One
"Lamb: The Gospel According to Biff, Christ's Childhood Pal",£55.50,icon-ok,star-rating Five
Lady Renegades (Rebel Belle #3),£53.04,icon-ok,star-rating Five
Jurassic Park (Jurassic Park #1),£44.97,icon-ok,star-rating One
It's Never Too Late to Begin Again: Discovering Creativity and Meaning at Midlife and Beyond,£42.38,icon-ok,star-rating One
Is Everyone Hanging Out Without Me? (And Other Concerns),£20.11,icon-ok,star-rating Three
Into the Wild,£56.70,icon-ok,star-rating Five
Inferno (Robert Langdon #4),£41.00,icon-ok,star-rating Five
"In the Garden of Beasts: Love, Terror, and an American Family in Hitler's Berlin",£28.85,icon-ok,star-rating Three
If I Run (If I Run #1),£49.97,icon-ok,star-rating Four
I've Got Your Number,£19.69,icon-ok,star-rating One
I Am Malala: The Girl Who Stood Up for Education and Was Shot by the Taliban,£28.88,icon-ok,star-rating Two
Hungry Girl Clean & Hungry: Easy All-Natural Recipes for Healthy Eating in the Real World,£33.14,icon-ok,star-rating Three
"House of Lost Worlds: Dinosaurs, Dynasties, and the Story of Life on Earth",£43.70,icon-ok,star-rating Two
House of Leaves,£54.89,icon-ok,star-rating One
Horrible Bear!,£37.52,icon-ok,star-rating Two
Holidays on Ice,£51.07,icon-ok,star-rating Two
Heir to the Sky,£44.07,icon-ok,star-rating Four
Green Eggs and Ham (Beginner Books B-16),£10.79,icon-ok,star-rating Four
"Grayson, Vol 3: Nemesis (Grayson #3)",£42.72,icon-ok,star-rating One
Gratitude,£26.66,icon-ok,star-rating Five
Gone Girl,£37.60,icon-ok,star-rating Five
Golden (Heart of Dread #3),£42.21,icon-ok,star-rating Four
Girl in the Blue Coat,£46.83,icon-ok,star-rating Two
"Fruits Basket, Vol. 3 (Fruits Basket #3)",£45.17,icon-ok,star-rating Two
"Friday Night Lights: A Town, a Team, and a Dream",£51.22,icon-ok,star-rating Three
Fire Bound (Sea Haven/Sisters of the Heart #5),£21.28,icon-ok,star-rating Four
Fifty Shades Freed (Fifty Shades #3),£15.36,icon-ok,star-rating Five
Fellside,£38.62,icon-ok,star-rating One
Extreme Prey (Lucas Davenport #26),£25.40,icon-ok,star-rating Three
Eragon (The Inheritance Cycle #1),£43.87,icon-ok,star-rating Three
Eclipse (Twilight #3),£18.74,icon-ok,star-rating One
Dune (Dune #1),£54.86,icon-ok,star-rating One
Dracula,£52.62,icon-ok,star-rating Three
Do Androids Dream of Electric Sheep? (Blade Runner #1),£51.48,icon-ok,star-rating One
Disrupted: My Misadventure in the Start-Up Bubble,£15.28,icon-ok,star-rating Five
Dead Wake: The Last Crossing of the Lusitania,£39.24,icon-ok,star-rating Five
"David and Goliath: Underdogs, Misfits, and the Art of Battling Giants",£17.81,icon-ok,star-rating One
Darkfever (Fever #1),£56.02,icon-ok,star-rating One
Dark Places,£23.90,icon-ok,star-rating Five
Crazy Rich Asians (Crazy Rich Asians #1),£49.13,icon-ok,star-rating Five
Counting Thyme,£10.62,icon-ok,star-rating One
Cosmos,£36.17,icon-ok,star-rating Two
Civilization and Its Discontents,£59.95,icon-ok,star-rating Two
Cinder (The Lunar Chronicles #1),£26.09,icon-ok,star-rating One
Catastrophic Happiness: Finding Joy in Childhood's Messy Years,£37.35,icon-ok,star-rating Two
Career of Evil (Cormoran Strike #3),£24.72,icon-ok,star-rating Two
Breaking Dawn (Twilight #4),£35.28,icon-ok,star-rating Five
Brave Enough,£51.32,icon-ok,star-rating Five
Boy Meets Boy,£21.12,icon-ok,star-rating Three
"Born to Run: A Hidden Tribe, Superathletes, and the Greatest Race the World Has Never Seen",£27.35,icon-ok,star-rating Two
Blink: The Power of Thinking Without Thinking,£21.74,icon-ok,star-rating Five
Black Flags: The Rise of ISIS,£40.87,icon-ok,star-rating One
"Black Butler, Vol. 1 (Black Butler #1)",£49.31,icon-ok,star-rating One
Big Little Lies,£22.11,icon-ok,star-rating One
Between Shades of Gray,£20.79,icon-ok,star-rating Five
Best of My Love (Fool's Gold #20),£27.41,icon-ok,star-rating Two
Beowulf,£38.35,icon-ok,star-rating Two
Beautiful Creatures (Caster Chronicles #1),£21.55,icon-ok,star-rating Five
Awkward,£38.02,icon-ok,star-rating Two
Ash,£22.06,icon-ok,star-rating Four
Are We There Yet?,£10.66,icon-ok,star-rating Three
Are We Smart Enough to Know How Smart Animals Are?,£56.58,icon-ok,star-rating One
Annie on My Mind,£36.83,icon-ok,star-rating Five
And Then There Were None,£35.01,icon-ok,star-rating Two
A Walk in the Woods: Rediscovering America on the Appalachian Trail,£30.48,icon-ok,star-rating Four
A Visit from the Goon Squad,£14.08,icon-ok,star-rating Five
A Storm of Swords (A Song of Ice and Fire #3),£31.22,icon-ok,star-rating Two
A Heartbreaking Work of Staggering Genius,£54.29,icon-ok,star-rating Five
8 Keys to Mental Health Through Exercise,£31.04,icon-ok,star-rating One
#GIRLBOSS,£50.96,icon-ok,star-rating One
"The Suffragettes (Little Black Classics, #96)",£11.89,icon-ok,star-rating Two
The Sense of an Ending,£31.38,icon-ok,star-rating Three
"The Sandman, Vol. 2: The Doll's House (The Sandman (volumes) #2)",£54.81,icon-ok,star-rating One
The Course of Love,£16.78,icon-ok,star-rating Three
Sugar Rush (Offensive Line #2),£24.42,icon-ok,star-rating One
"Saga, Volume 2 (Saga (Collected Editions) #2)",£11.75,icon-ok,star-rating Three
"Run, Spot, Run: The Ethics of Keeping Pets",£20.02,icon-ok,star-rating One
New Moon (Twilight #2),£12.86,icon-ok,star-rating Four
Life,£31.58,icon-ok,star-rating Five
Kindle Paperwhite User's Guide,£34.00,icon-ok,star-rating Three
H is for Hawk,£57.42,icon-ok,star-rating Five
Girl Online On Tour (Girl Online #2),£53.47,icon-ok,star-rating One
"Fruits Basket, Vol. 2 (Fruits Basket #2)",£11.64,icon-ok,star-rating Five
Diary of a Minecraft Zombie Book 1: A Scare of a Dare (An Unofficial Minecraft Book),£52.88,icon-ok,star-rating Four
"Y: The Last Man, Vol. 1: Unmanned (Y: The Last Man #1)",£18.51,icon-ok,star-rating Four
While You Were Mine,£41.32,icon-ok,star-rating Five
Where Lightning Strikes (Bleeding Stars #3),£39.77,icon-ok,star-rating Three
When I'm Gone,£51.96,icon-ok,star-rating Three
Ways of Seeing,£39.51,icon-ok,star-rating Five
"Vampire Knight, Vol. 1 (Vampire Knight #1)",£15.40,icon-ok,star-rating One
Vampire Girl (Vampire Girl #1),£53.82,icon-ok,star-rating Two
Twenty Love Poems and a Song of Despair,£30.95,icon-ok,star-rating Four
Travels with Charley: In Search of America,£57.82,icon-ok,star-rating Five
Three Wishes (River of Time: California #1),£44.18,icon-ok,star-rating Two
This One Moment (Pushing Limits #1),£48.71,icon-ok,star-rating One
The Zombie Room,£19.69,icon-ok,star-rating Five
"The Wicked + The Divine, Vol. 1: The Faust Act (The Wicked + The Divine)",£36.52,icon-ok,star-rating Two
The Tumor,£41.56,icon-ok,star-rating Five
The Story of Hong Gildong,£43.19,icon-ok,star-rating Four
The Silent Wife,£12.34,icon-ok,star-rating Five
The Silent Twin (Detective Jennifer Knight #3),£36.25,icon-ok,star-rating Three
The Selfish Gene,£29.45,icon-ok,star-rating One
The Secret Healer,£34.56,icon-ok,star-rating Three
"The Sandman, Vol. 1: Preludes and Nocturnes (The Sandman (volumes) #1)",£54.12,icon-ok,star-rating Three
The Republic,£33.78,icon-ok,star-rating Three
The Odyssey,£29.64,icon-ok,star-rating Three
The No. 1 Ladies' Detective Agency (No. 1 Ladies' Detective Agency #1),£57.70,icon-ok,star-rating Four
The Nicomachean Ethics,£36.34,icon-ok,star-rating One
The Name of the Wind (The Kingkiller Chronicle #1),£50.59,icon-ok,star-rating Three
The Mirror & the Maze (The Wrath and the Dawn #1.5),£29.38,icon-ok,star-rating One
The Little Prince,£45.42,icon-ok,star-rating Two
The Light of the Fireflies,£54.43,icon-ok,star-rating One
The Last Girl (The Dominion Trilogy #1),£36.26,icon-ok,star-rating Two
The Iliad,£16.16,icon-ok,star-rating One
The Hook Up (Game On #1),£36.29,icon-ok,star-rating Five
The Haters,£27.89,icon-ok,star-rating Five
The Girl You Lost,£12.29,icon-ok,star-rating Five
The Girl In The Ice (DCI Erika Foster #1),£15.85,icon-ok,star-rating Three
The End of the Jesus Era (An Investigation #1),£14.40,icon-ok,star-rating One
The Edge of Reason (Bridget Jones #2),£19.18,icon-ok,star-rating Four
The Complete Maus (Maus #1-2),£10.64,icon-ok,star-rating Three
The Communist Manifesto,£14.76,icon-ok,star-rating Three
The Bhagavad Gita,£57.49,icon-ok,star-rating Three
The Bette Davis Club,£30.66,icon-ok,star-rating Three
The Art of Not Breathing,£40.83,icon-ok,star-rating Four
Taking Shots (Assassins #1),£18.88,icon-ok,star-rating Two
Starlark,£25.83,icon-ok,star-rating Three
"Skip Beat!, Vol. 01 (Skip Beat! #1)",£42.12,icon-ok,star-rating Three
Sister Sable (The Mad Queen #1),£13.33,icon-ok,star-rating Three
Shatter Me (Shatter Me #1),£42.40,icon-ok,star-rating One
Shameless,£58.35,icon-ok,star-rating Three
Shadow Rites (Jane Yellowrock #10),£21.72,icon-ok,star-rating Four
Settling the Score (The Summer Games #1),£44.91,icon-ok,star-rating Two
Sense and Sensibility,£37.46,icon-ok,star-rating One
"Saga, Volume 1 (Saga (Collected Editions) #1)",£28.48,icon-ok,star-rating One
"Rhythm, Chord & Malykhin",£28.34,icon-ok,star-rating Two
"Rat Queens, Vol. 1: Sass & Sorcery (Rat Queens (Collected Editions) #1-5)",£46.96,icon-ok,star-rating Five
Paradise Lost (Paradise #1),£24.96,icon-ok,star-rating One
"Paper Girls, Vol. 1 (Paper Girls #1-5)",£21.71,icon-ok,star-rating Four
"Ouran High School Host Club, Vol. 1 (Ouran High School Host Club #1)",£29.87,icon-ok,star-rating Three
Origins (Alphas 0.5),£28.99,icon-ok,star-rating One
One Second (Seven #7),£52.94,icon-ok,star-rating Two
On the Road (Duluoz Legend),£32.36,icon-ok,star-rating Three
Old Records Never Die: One Man's Quest for His Vinyl and His Past,£55.66,icon-ok,star-rating Two
Off Sides (Off #1),£39.45,icon-ok,star-rating Five
Of Mice and Men,£47.11,icon-ok,star-rating Two
Myriad (Prentor #1),£58.75,icon-ok,star-rating Four
My Perfect Mistake (Over the Top #1),£38.92,icon-ok,star-rating Two
"Ms. Marvel, Vol. 1: No Normal (Ms. Marvel (2014-2015) #1)",£39.39,icon-ok,star-rating Four
Meditations,£25.89,icon-ok,star-rating Two
Matilda,£28.34,icon-ok,star-rating One
Lost Among the Living,£27.70,icon-ok,star-rating Four
Lord of the Flies,£24.89,icon-ok,star-rating Three
Listen to Me (Fusion #1),£58.99,icon-ok,star-rating Three
Kitchens of the Great Midwest,£57.20,icon-ok,star-rating Five
Jane Eyre,£38.43,icon-ok,star-rating Five
Imperfect Harmony,£34.74,icon-ok,star-rating Four
Icing (Aces Hockey #2),£40.44,icon-ok,star-rating Four
"Hawkeye, Vol. 1: My Life as a Weapon (Hawkeye #1)",£45.24,icon-ok,star-rating Three
Having the Barbarian's Baby (Ice Planet Barbarians #7.5),£34.96,icon-ok,star-rating Four
"Giant Days, Vol. 1 (Giant Days #1-4)",£56.76,icon-ok,star-rating Four
"Fruits Basket, Vol. 1 (Fruits Basket #1)",£40.28,icon-ok,star-rating Five
Frankenstein,£38.00,icon-ok,star-rating Two
Forever Rockers (The Rocker #12),£28.80,icon-ok,star-rating Three
Fighting Fate (Fighting #6),£39.24,icon-ok,star-rating Three
Emma,£32.93,icon-ok,star-rating Two
"Eat, Pray, Love",£51.32,icon-ok,star-rating Three
Deep Under (Walker Security #1),£47.09,icon-ok,star-rating Five
Choosing Our Religion: The Spiritual Lives of America's Nones,£28.42,icon-ok,star-rating Four
Charlie and the Chocolate Factory (Charlie Bucket #1),£22.85,icon-ok,star-rating Three
Charity's Cross (Charles Towne Belles #4),£41.24,icon-ok,star-rating One
Bright Lines,£39.07,icon-ok,star-rating Five
Bridget Jones's Diary (Bridget Jones #1),£29.82,icon-ok,star-rating One
Bounty (Colorado Mountain #7),£37.26,icon-ok,star-rating Four
Blood Defense (Samantha Brinkman #1),£20.30,icon-ok,star-rating Three
"Bleach, Vol. 1: Strawberry and the Soul Reapers (Bleach #1)",£34.65,icon-ok,star-rating Five
Beyond Good and Evil,£43.38,icon-ok,star-rating One
Alice in Wonderland (Alice's Adventures in Wonderland #1),£55.53,icon-ok,star-rating One
"Ajin: Demi-Human, Volume 1 (Ajin: Demi-Human #1)",£57.06,icon-ok,star-rating Four
A Spy's Devotion (The Regency Spies of London #1),£16.97,icon-ok,star-rating Five
1st to Die (Women's Murder Club #1),£53.98,icon-ok,star-rating One
"1,000 Places to See Before You Die",£26.08,icon-ok,star-rating Five
