titulo,link
Fogos de artifício: saiba como o barulho afeta o seu pet,https://difusoranews.com/bem-estar/fogos-de-artificio-saiba-como-o-barulho-afeta-o-seu-pet/
"Oleaginosas: os benefícios das nuts, as proteínas do bem",https://difusoranews.com/bem-estar/oleaginosas-os-beneficios-das-nuts-as-proteinas-do-bem/
Campanha Janeiro Roxo: combate à hanseníase,https://difusoranews.com/bem-estar/campanha-janeiro-roxo-combate-a-hanseniase/
"Dormir tarde da noite favorece o ganho de peso, diz pesquisa",https://difusoranews.com/bem-estar/dormir-tarde-da-noite-favorece-o-ganho-de-peso-diz-pesquisa/
Ministério da Saúde distribui novo medicamento contra o vírus da aids,https://difusoranews.com/bem-estar/ministerio-da-saude-distribui-novo-medicamento-contra-o-virus-da-aids/
Rótulos de medicamentos deverão ter alerta de substâncias consideradas como doping,https://difusoranews.com/bem-estar/rotulos-de-medicamentos-deverao-ter-alerta-de-substancias-consideradas-como-doping/
Pomadas modeladoras: saiba quais são os cuidados e produtos autorizados pela Anvisa,https://difusoranews.com/bem-estar/pomadas-modeladoras-saiba-quais-sao-os-cuidados-e-produtos-autorizados-pela-anvisa/
Metas para um novo ano: como cumprir a lista de promessas,https://difusoranews.com/bem-estar/metas-para-um-novo-ano-como-cumprir-a-lista-de-promessas/
Quais as recomendações para prevenção de quedas em idoso?,https://difusoranews.com/bem-estar/quedas-sao-responsaveis-por-25-dos-casos-de-hospitalizacao-de-idosos/
Nutricionista dá dicas para evitar o desperdício de alimentos,https://difusoranews.com/bem-estar/nutricionista-da-dicas-para-evitar-o-desperdicio-de-alimentos/
Novembro azul: diagnóstico precoce do câncer de próstata ajuda a salvar vidas,https://difusoranews.com/bem-estar/novembro-azul-diagnostico-precoce-do-cancer-de-prostata-ajuda-a-salvar-vidas/
Última refeição tarde da noite favorece ganho de peso e gordura,https://difusoranews.com/bem-estar/ultima-refeicao-tarde-da-noite-favorece-ganho-de-peso-e-gordura/
Enem 2023: cuidados devem ser com o corpo e a mente na reta final do exame,https://difusoranews.com/bem-estar/enem-2023-cuidados-devem-ser-com-o-corpo-e-a-mente-na-reta-final-do-exame/
Laticínios integrais ou desnatados: quais as diferenças e como escolher?,https://difusoranews.com/bem-estar/laticinios-integrais-ou-desnatados-quais-as-diferencas-e-como-escolher/
Como a alimentação pode ajudar a reduzir o envelhecimento,https://difusoranews.com/bem-estar/como-a-alimentacao-pode-ajudar-a-reduzir-o-envelhecimento/
Um a cada três brasileiros não sabe que é hipertenso,https://difusoranews.com/bem-estar/um-a-cada-tres-brasileiros-nao-sabe-que-e-hipertenso/
"Quixaba Experience: samba, diversão e contato com a natureza",https://difusoranews.com/bem-estar/mundo-terra-zoo/quixaba-experience-samba-diversao-e-contato-com-a-natureza/
Dermatologista dá dicas sobre como cuidar da pele durante a onda de calor,https://difusoranews.com/bem-estar/dermatologista-da-dicas-sobre-como-cuidar-da-pele-durante-a-onda-de-calor/
Terra Zoo Explica: Meu Cachorro pode tomar sorvete?,https://difusoranews.com/bem-estar/mundo-terra-zoo/terra-zoo-explica-meu-cachorro-pode-tomar-sorvete/
Seis dicas de especialista sobre os principais cuidados com o pulmão,https://difusoranews.com/bem-estar/seis-dicas-de-especialista-sobre-os-principais-cuidados-com-o-pulmao/
"Ondas de calor da menopausa são mais perigosas do que se pensava, dizem estudos",https://difusoranews.com/bem-estar/ondas-de-calor-da-menopausa-sao-mais-perigosas-do-que-se-pensava-dizem-estudos/
Tomar ou não suplemento alimentar? Eis a questão,https://difusoranews.com/bem-estar/tomar-ou-nao-suplemento-alimentar-eis-a-questao-2/
5 práticas para manter o cérebro ativo e lidar melhor com as emoções,https://difusoranews.com/bem-estar/5-praticas-para-manter-o-cerebro-ativo-e-lidar-melhor-com-as-emocoes/
Tanto falta quanto excesso de carboidratos na dieta elevam mortalidade,https://difusoranews.com/bem-estar/tanto-falta-quanto-excesso-de-carboidratos-na-dieta-elevam-mortalidade/
Janeiro Branco: confira 6 dicas para cuidar da saúde mental,https://difusoranews.com/bem-estar/janeiro-branco-confira-6-dicas-para-cuidar-da-saude-mental/
O que não pode comer na virada do ano? Veja dicas de cardápio,https://difusoranews.com/bem-estar/o-que-nao-pode-comer-na-virada-do-ano-veja-dicas-de-cardapio/
O poder dos óleos essenciais no controle da ansiedade,https://difusoranews.com/bem-estar/o-poder-dos-oleos-essenciais-no-controle-da-ansiedade/
Confira dicas para evitar ressacas nas festas de fim de ano,https://difusoranews.com/bem-estar/confira-dicas-para-evitar-ressacas-nas-festas-de-fim-de-ano/
Privação do sono pode causar diabetes,https://difusoranews.com/bem-estar/privacao-do-sono-pode-causar-diabetes/
Exagerou nas festas de fim de ano? Veja seis dicas de chás digestivos,https://difusoranews.com/bem-estar/exagerou-nas-festas-de-fim-de-ano-veja-seis-dicas-de-chas-digestivos/
"Típica do verão, salada vai ficar mais cara com ondas de calor",https://difusoranews.com/bem-estar/tipica-do-verao-salada-vai-ficar-mais-cara-com-ondas-de-calor/
Startup desenvolve teste para rastreamento de câncer do colo do útero,https://difusoranews.com/bem-estar/startup-desenvolve-teste-para-rastreamento-de-cancer-do-colo-do-utero/
Pesquisadores desenvolvem hidrogel anti-inflamatório de baixo custo,https://difusoranews.com/bem-estar/pesquisadores-desenvolvem-hidrogel-anti-inflamatorio-de-baixo-custo/
Campanha Dezembro Laranja alerta sobre o câncer de pele,https://difusoranews.com/bem-estar/campanha-dezembro-laranja-alerta-sobre-o-cancer-de-pele/
Saiba a importância do fonoaudiólogo e quando procurar um especialista.,https://difusoranews.com/bem-estar/saiba-a-importancia-do-fonoaudiologo-e-quando-procurar-um-especialista/
"Uso prolongado de celular pode causar lesões na mão, alerta ortopedista",https://difusoranews.com/bem-estar/jovens-que-usam-cigarro-eletronico-tem-niveis-de-nicotina-de-quem-fuma-20-cigarros/
"Dor nas costas: conheça os tipos, quais são as causas e como reduzir os riscos",https://difusoranews.com/bem-estar/dor-nas-costas-conheca-os-tipos-quais-sao-as-causas-e-como-reduzir-os-riscos-2/
Dormir pouco pode acabar com todos os benefícios de suas atividades físicas,https://difusoranews.com/bem-estar/dormir-pouco-pode-acabar-com-todos-os-beneficios-de-suas-atividades-fisicas-2/
Quais são os sintomas de pressão alta e como controlar?,https://difusoranews.com/bem-estar/quais-sao-os-sintomas-de-pressao-alta-e-como-controlar-2/
"Ondas de calor da menopausa são mais perigosas do que se pensava, dizem estudos",https://difusoranews.com/bem-estar/ondas-de-calor-da-menopausa-sao-mais-perigosas-do-que-se-pensava-dizem-estudos-2/
